FeatID,LogM2M1 X Attachment
1292,0.046567768
989,0.059540139
674,0.357404491
740,0.06355644
1998,-0.011243485
896,0.209588504
799,0.006046749
1009,0.035485869
1955,0.047613189
2147,0.427849116
77,0.535655701
930,0.4957989
1825,0.426019644
489,0.182010883
705,0.400986937
1221,0.221868018
1624,0.435790798
1227,0.306749856
1426,0.451372287
655,0.869229481
60,0.924625864
1533,0.4395158
245,0.885970549
446,0.599592101
615,0.36498063
810,-0.287264833
1522,1.064740438
195,1.330748881
288,0.73401009
666,0.227445363
1171,0.47640266
1536,0.515473121
1127,1.009622073
1902,0.483075061
2175,0.757233655
672,0.311776046
1872,0.010445524
2073,0.287452716
514,0.679670586
219,0.520770651
279,0.692342453
1258,0.513814791
2006,1.549693332
2070,0.840778377
2027,-0.416249159
394,0.904571135
290,0.680610119
404,0.487039327
442,0.49840991
1355,0.916643158
1590,0.756453799
527,1.074114266
1356,1.100320875
1936,1.049101556
661,0.708974717
1043,0.086369745
518,0.660522143
1394,0.319964385
1595,0.629794699
421,0.052003359
469,0.640678277
752,-0.514040996
872,0.31759007
1094,0.739333683
1225,1.061053386
1405,0.693102596
1570,0.510437228
1990,0.01530604
1203,0.566431349
1436,0.629198495
474,0.20654523
945,0.042928388
2067,0.435833165
2168,0.350834503
88,1.081739709
597,0.542900866
599,0.678549877
671,0.413032427
782,0.695546924
809,0.325239951
1617,0.93459163
868,0.502149459
1528,0.882858537
344,0.162528691
901,-0.322771549
1044,0.719613755
2059,0.203696267
2069,0.450366424
617,0.448878576
731,0.958495983
1335,0.509215167
1379,0.486891448
571,0.784800468
1105,0.656943392
1125,0.787181703
1456,1.317720915
1523,0.401100823
1837,0.863700664
1863,0.238851628
1070,0.963679684
1358,1.487296897
1467,0.911865655
143,-0.139977809
938,0.135505571
1059,0.659326638
2081,1.109248859
316,0.602259322
466,0.407309927
504,0.887069395
793,0.649712125
1141,0.907608586
1716,0.808477043
285,0.966801768
775,0.775774078
1192,1.01832822
825,0.925542503
1305,0.456023871
1734,0.304443001
23,0.915361887
281,0.602560211
937,0.672624939
1496,0.669975961
90,1.341684543
587,0.929791354
1361,0.649468839
2075,1.074418197
419,0.878764653
906,0.910156994
525,1.242606625
978,0.897314407
1156,1.378161468
2071,0.229512438
308,0.777687005
453,0.679160307
26,1.106911677
150,0.729085114
240,0.541028316
940,-0.612734588
1259,1.038180357
2102,0.652402819
402,1.035710077
485,0.250304606
649,0.657416213
1080,0.005068235
1245,0.266533007
2140,1.24563736
385,0.653169912
503,0.822144695
925,1.231160824
1231,0.618784341
1756,1.363848422
208,1.487732768
430,1.124959524
754,1.462743537
1012,-0.416560067
1030,0.729116945
1096,1.244511853
1232,0.425641178
1641,0.773114683
1874,0.411215264
1999,1.30085754
2090,0.239665791
79,-0.015852774
1263,1.031432311
1555,1.027512578
1609,0.44967128
452,0.225590933
491,0.109352696
683,1.202777881
684,0.080757657
1398,0.164342987
171,0.873983086
471,0.323966361
561,0.91119789
1965,1.034908509
2135,1.565698827
154,0.788696156
349,1.150397127
369,0.475479298
526,0.331382014
968,-0.09882894
969,0.526630963
1222,1.163720008
1367,0.119407741
1971,0.618916144
120,0.784816972
177,1.043736976
567,0.612741102
910,0.547233936
1187,1.080531598
1534,0.707450811
536,1.252056252
890,0.880465976
1202,0.201988255
1871,0.354202927
2037,1.091117795
996,0.846430587
1798,0.600090864
2002,1.01221916
25,1.149507732
173,1.034643239
339,1.000558727
447,0.579133505
934,1.110801856
1461,0.779764196
1992,0.455352299
183,0.5548706
700,0.776235467
714,1.022376749
1172,1.624090634
1200,1.586383386
1565,0.237223461
688,1.172886232
1242,0.70098613
48,0.723259763
200,1.140445352
751,1.422371322
2009,0.705054038
73,1.047433143
129,0.888456801
134,1.113090717
264,0.95531223
623,1.082559139
635,1.030420023
808,0.664998151
975,1.391419932
1112,1.489893049
1269,0.776495978
1446,0.517470715
2122,0.326578443
2126,1.212642051
372,0.774875845
600,0.786451828
657,1.143816047
847,0.980757547
859,0.984567723
876,0.804296084
1033,1.898936819
1396,0.87371734
1504,0.671452743
753,0.871990968
764,1.691249312
774,0.105023869
1777,1.36467126
1176,1.017316117
1235,0.726903928
1519,1.402464442
1765,0.665610508
1802,1.15625736
348,0.615777933
524,1.509163868
554,1.229139189
632,0.823082194
701,0.681565871
717,1.142709514
1060,1.220845974
1238,0.476255184
1697,1.392814274
2021,0.496805091
2139,1.618663024
2146,0.522433945
33,0.898202878
238,0.773313297
496,1.02487562
534,1.314543677
590,0.854930294
1443,0.772534257
1918,1.061734127
83,0.762962345
130,0.376275031
409,0.74544852
995,0.920815836
1155,1.886680864
1529,0.653055112
1820,0.870985994
2145,0.305722789
263,1.264743619
380,0.834506286
460,1.410812564
531,0.861806056
784,1.016752065
1093,0.962608242
1162,1.410749868
1216,0.897537966
1363,1.062163063
1968,1.041551332
86,1.475271771
373,0.586783771
477,0.950482907
715,0.607945985
885,0.179036128
972,0.321274592
1076,0.727960304
1264,0.605904065
1304,-0.089890001
1322,1.609673654
1604,0.940221007
1750,1.457873915
2026,0.963387107
2087,1.068725375
158,1.547363906
377,0.624544183
533,1.144592481
356,0.86214578
675,0.478232698
722,0.00802661
757,0.373229137
805,0.325123542
881,1.560043608
1063,1.497407251
1497,0.979524684
221,0.916195471
243,0.752426913
280,0.964400665
669,1.110976515
1424,1.253518222
1439,0.781800752
1471,0.930034945
1513,0.947638582
1586,1.233917187
272,1.031301142
362,1.076499033
449,0.675153719
602,0.927107083
718,1.229050676
807,0.593883966
1540,0.779763609
1672,0.610992297
1688,0.91366896
1993,0.050849703
2098,1.350860361
555,1.314647925
1435,0.655235202
1480,0.993628915
1620,1.111199342
29,0.3607011
55,2.223426746
82,0.385803358
185,1.037382161
312,1.46830845
415,0.671823205
1564,0.640775362
1876,1.010334046
2007,0.056380673
28,1.217561246
523,1.063673968
586,1.00548103
711,1.203423669
726,1.170857104
1160,1.244707128
1718,1.338949671
1973,1.775301388
1981,1.153447978
64,1.916682414
102,1.466945384
214,0.989501672
306,0.844678515
520,-0.004205368
819,1.323035242
902,1.193908881
1069,0.133749137
1260,1.034157692
1339,0.819001369
1454,1.304940356
1490,0.896001029
1575,0.694776811
1978,1.438095745
111,1.217400306
745,0.901842101
1066,1.014319529
1455,1.202452452
1826,1.117178705
1961,1.329701686
159,0.302724294
924,1.276272037
1013,0.377280695
58,1.792468769
119,0.932162449
241,0.902896484
507,1.202294239
900,1.19684036
1135,1.259130553
1381,1.510034366
1413,0.898989244
1797,1.196510275
72,1.08355485
74,0.457374495
443,1.285999748
455,1.03572121
538,0.955265225
611,0.524533812
830,1.541501345
1078,0.5925334
1293,1.530266154
1353,1.396962783
1487,1.417138478
1577,0.94250613
1616,1.704936538
1647,0.738301233
1836,1.593110154
1889,0.964408716
1907,1.547983445
188,1.921022483
225,1.782246308
378,1.092578263
490,1.836796373
627,1.031355653
1022,0.990133624
1175,1.321271072
1249,1.317363117
1585,1.545034829
1771,0.689828005
1803,0.723576724
1845,1.41153206
360,0.728128172
384,1.069164478
479,0.756567346
1267,1.263047528
1464,0.815265628
1589,1.375977303
1622,1.896633288
1626,1.59439424
1662,1.17178151
540,1.367342205
582,0.402580173
640,0.610644447
651,1.467197383
1159,1.072574506
1173,1.284963813
1189,1.434578537
1274,0.870003723
1297,-0.361575754
1376,1.284607447
1388,1.173833556
1486,1.30216216
1640,0.627728427
1860,0.539778443
2004,0.572874998
62,1.603023857
126,1.523469726
181,1.553572346
676,0.94321296
1035,1.669872318
1279,1.254758849
1521,1.142696188
1753,1.614528005
2171,1.325244505
197,1.806975565
216,1.872687125
1462,1.662821145
2001,1.660239855
11,1.075639198
388,1.653636046
728,1.074936295
870,0.934784937
1229,1.197535171
1483,1.489168785
1492,1.275012473
254,1.190955544
716,-0.002116588
798,0.668644369
846,1.894474441
1220,1.657918854
1236,1.450528972
1247,1.267190112
1306,1.090601669
1418,0.998098976
1541,1.134982334
1975,1.022289216
434,0.901221756
448,0.819998064
572,1.144171221
837,1.110021481
1088,1.558937582
1702,1.103641702
2110,2.056944775
229,1.9791509
549,0.584395116
898,-0.512700268
1090,1.505861806
30,1.557847019
184,1.02803983
352,0.939027207
412,1.082567155
427,0.891512988
510,1.691287003
1106,1.013190821
1545,1.368116377
1553,1.564844074
2107,1.88081554
61,2.059835301
155,2.06035239
277,0.974293388
340,1.228370697
387,0.942742197
622,1.191257848
628,0.934453115
842,1.559721855
861,0.911783657
889,0.46402447
1131,1.87515233
1137,1.292376944
1143,1.171594314
1257,1.429383357
1362,1.509829735
1421,1.344795249
1478,0.957921696
1667,1.230907378
1904,1.980989757
1924,2.014275607
1972,1.524243091
2053,0.385705136
1031,1.75284082
1042,1.273244121
1055,0.432794843
1062,1.518041558
1344,1.057900415
1399,0.857708532
1407,0.397252253
1619,1.597193034
1997,1.137334144
933,1.836556698
951,0.00461647
5,1.661766622
416,1.670739235
738,1.333059536
783,1.515013793
1255,1.937108835
1428,1.008730427
1544,1.284512741
1597,1.087383991
1766,0.796685114
1818,1.445863759
1867,0.735006897
1930,0.724075375
127,1.790605751
358,1.899672252
370,1.045272866
838,0.858850869
862,2.217826763
1277,0.668716386
2034,1.866643451
2042,1.542560697
2065,0.568742916
75,1.069724844
97,1.92178832
117,1.750065389
148,2.134477732
236,1.077181331
260,1.888057245
317,1.195278897
376,1.201605278
440,1.282848483
706,1.087230584
771,1.498856171
959,1.108691289
971,1.961262949
1301,0.940383343
1391,2.150687265
1397,1.654464714
1524,0.732234989
1684,1.783455142
1717,1.329274758
1834,1.146651593
93,2.361156327
124,2.351974439
766,0.826280623
772,0.192732638
873,0.291910089
1608,1.706260018
1665,1.041605073
1742,0.850321946
2033,1.769923939
2132,1.995651524
439,1.629476204
606,0.759367166
654,1.330929949
1004,1.373744067
1390,1.463091072
1552,2.25219567
1639,1.8080475
1720,1.862149318
1929,0.823233904
560,1.770090632
741,1.301207332
748,2.600337678
992,1.882706911
1014,0.37008841
1165,1.99835715
1197,1.775882199
1309,1.552099357
1445,1.509302216
1763,1.166377686
98,1.67695092
482,1.96659807
765,2.180253274
1153,1.308395716
1925,1.287504778
2061,1.386882253
2108,2.620844681
2170,2.016793198
569,1.015995027
589,0.855555288
1365,0.470683359
142,0.611728495
189,1.156657396
234,0.562715999
361,1.679771019
580,1.373051728
739,1.993406491
758,1.556000834
806,1.349539276
1107,1.612387601
1178,1.370121728
1208,0.793798568
1234,0.888974083
1432,1.07727269
1546,1.734564768
1655,1.555147292
1758,1.092164309
1915,1.524660105
2005,1.078059954
24,1.92494163
95,1.719603841
152,1.379388352
198,1.047827023
228,2.1094117
230,1.952488574
255,1.716809095
405,1.943547854
532,0.980130214
598,0.804511694
692,1.547865989
817,1.501364523
857,1.991240596
991,2.654342931
1079,1.566490061
1254,2.120203968
1500,0.905997393
1501,1.333321153
1700,0.993407854
1882,-0.112885804
1923,1.839106976
203,1.300628494
735,1.416363611
858,2.053960164
905,1.30725072
956,1.351292009
1006,1.523320487
1587,1.620111681
1612,1.709955468
1779,1.943256781
21,1.816960286
839,1.588486063
903,0.696424141
1352,0.137599746
737,1.151845645
1099,1.877143297
1406,0.886063242
1625,1.844414969
1739,2.370218219
1775,0.729732063
3,1.831142401
92,1.784330144
190,2.297635179
212,1.256876696
248,1.007703932
314,0.732788821
347,0.631312936
355,1.582545004
445,1.737761591
576,0.310579722
584,2.269074793
646,0.201181317
931,2.217714905
1158,1.508361737
1494,1.224968724
1531,1.01062484
1630,1.474726021
1635,0.316766297
2084,1.520635418
2172,1.820557622
303,2.001692863
386,0.629784954
472,1.064349336
573,0.59039091
1038,1.118423383
1448,1.689412329
1755,2.10264336
1762,1.368924589
140,2.414684256
318,2.365519754
422,0.961449789
833,1.070121867
1600,0.745319903
1813,-0.283230819
1865,0.921771086
2086,0.903863039
2149,0.86119738
287,1.260451117
337,1.249001807
428,1.460263614
893,1.219138334
936,1.262105983
1102,1.143682373
1111,1.317992278
1122,1.512747133
1708,1.463853496
1783,2.130165926
2097,1.660715778
2176,1.707185724
822,1.908385779
916,1.304267802
961,1.778010522
1121,1.687617702
1360,1.782095569
1485,2.028115513
1628,1.633092988
1638,0.827608217
1668,0.920417668
1887,0.884053567
1991,0.513032696
292,1.528851931
407,1.284111615
575,1.905120461
1097,1.275059946
1154,1.473469768
1205,1.375044445
1368,1.626754547
1491,0.861220065
1715,1.510748504
110,0.715746322
618,0.943457416
958,1.801541878
1559,1.254479249
1952,0.672635522
2154,0.778330088
256,2.112973764
564,1.697951055
865,1.714136863
1325,1.168917956
1677,1.344244024
1959,1.406391687
1964,1.71223929
2058,1.468585604
131,1.900966925
417,1.675518452
781,0.174011039
860,1.155955063
921,0.94329752
990,3.321911848
1207,1.731291224
1338,1.167607528
1466,0.64089772
1657,1.514485116
1728,1.185984772
1854,2.808071826
2040,2.060166456
2173,1.66580387
104,1.504026326
333,1.537810563
629,1.673737895
744,1.602352181
915,1.678715376
1026,2.259576659
1089,2.278237239
1224,1.771283754
1938,2.002123246
2003,2.043317518
2101,1.808341357
101,0.345679016
800,0.363905178
1548,1.698957676
19,2.10003187
146,1.042388623
570,1.24858413
944,1.479485626
1538,0.942151293
1970,2.089699464
15,1.12799139
65,1.942493295
211,1.55227923
227,1.649307138
365,1.423381286
505,1.707286443
577,0.814594977
593,1.164138155
732,0.644052988
919,0.701574063
1018,1.069820448
1133,2.642663715
1180,1.186045129
1437,0.664135568
2011,1.764009135
180,1.541206385
414,1.193079119
1465,1.836865917
1692,1.919985519
84,1.069372444
787,2.399596403
827,1.502971261
56,1.447652867
223,1.924711125
342,1.440425923
403,1.303414051
511,1.087632399
886,1.797843996
1311,1.604296887
1427,1.560657186
1673,1.764104418
1767,1.75897888
1894,1.102766842
1977,1.136906409
2134,1.481894465
2169,1.692630312
329,1.670675814
720,1.252047202
867,2.164202432
1068,1.131745505
1104,1.967587067
1191,2.049691345
1327,1.496960927
1551,2.311376792
2029,2.026589729
2080,1.331898976
46,1.866307199
259,1.319350636
267,1.423631815
341,1.730671219
431,1.245026088
648,1.220074729
2054,2.030152783
2066,1.438850086
2114,2.147895654
2125,1.64596043
49,1.11711133
1273,0.856754539
1669,2.310066235
32,1.95065958
53,1.137799187
351,1.655339955
367,1.388511601
382,1.532832411
678,2.610221355
698,1.55952384
883,0.9097878
1002,1.055291949
1169,1.638507262
1425,2.118760712
1469,1.264789692
1472,1.80470835
1599,1.415306593
268,1.351335412
353,1.491215827
1037,2.80281331
1146,2.013631163
1190,2.145030976
1621,1.910305047
1794,1.895912224
27,3.184481219
244,1.734077078
374,1.184257086
866,1.619528345
946,1.177545399
970,1.602720513
1134,2.096970502
1345,2.356586904
1378,1.608398802
1414,0.912669196
1442,1.293967181
1532,1.559983573
1721,1.830205228
1815,1.72317148
920,2.817215825
157,1.882564114
637,0.933121393
1366,1.477131069
1690,1.924093348
1884,1.94624507
544,0.893665305
756,1.633836445
768,0.956338126
780,2.437838499
993,2.234919312
1404,1.564849791
1601,1.238721563
1796,2.003898178
2062,1.481393417
136,1.791020967
207,1.78818949
295,2.220036654
517,1.028943266
1212,1.874998288
1572,2.626649018
2074,2.573338582
2104,1.849098766
2106,1.660492676
283,0.649230011
458,1.005147506
816,1.552431558
877,1.993171252
1295,0.543938152
1934,0.134191829
45,1.599026578
63,2.240746149
168,1.39259491
307,1.274815466
664,1.487924859
708,1.449680949
843,2.805858678
1016,1.556283473
1268,1.765447269
1444,1.27059409
1776,1.045220683
231,1.968035023
1161,2.520404627
1266,1.875926802
1890,1.612517098
1983,0.536272849
202,0.945603155
366,1.55539241
451,1.285802727
609,1.41055424
897,1.215792748
1285,1.3386277
1286,1.742162063
1698,1.520464885
1747,1.983851778
2028,2.928243172
2160,2.284843547
192,2.521715878
502,1.35168618
547,0.377115475
166,1.5268091
776,1.643133083
1457,1.489940583
1588,2.470888335
1629,1.09101315
1671,1.07579345
1976,2.804160761
1995,2.47769806
52,1.13395215
81,2.388637727
116,1.883462342
521,1.487264368
815,0.605331648
875,1.325186472
1145,1.196193818
1507,1.693538855
1566,1.326292311
1598,2.140187029
1857,1.782486905
1900,1.595636733
2158,2.965567216
1040,1.91268578
1307,1.383386428
1520,2.101593278
1987,1.261730989
286,1.424443371
568,1.21184251
1320,2.84103347
1661,1.791918121
1703,2.60996057
151,1.68978982
433,1.514561972
498,2.025318064
660,1.924145849
702,1.911091575
895,1.94239941
985,1.837572246
1571,1.673041793
1962,1.807642922
13,1.446074091
54,1.624723147
144,1.813947938
282,1.895248416
320,2.281459375
389,2.388705362
581,1.166478755
594,1.283048259
779,0.521070633
790,2.320991598
1291,0.517662584
1663,1.603114329
1707,1.810638168
1858,2.236133293
1939,2.352543833
71,1.644430886
269,1.732035115
908,1.393718094
1064,1.757586128
1123,2.353483903
1198,1.12599667
1215,0.869752192
1372,1.200317886
1859,2.418292621
583,0.373634443
1021,1.52955377
1332,2.159204567
2057,2.928141434
44,2.033289175
94,2.394430755
574,1.191354492
1312,1.968940363
1328,2.002375112
2051,2.016996552
2128,1.906704625
42,1.560009648
112,2.423967692
302,1.360858035
519,0.927955813
1011,1.674843197
1508,1.921822144
1764,1.661594507
1901,1.227429525
1957,2.637639237
9,2.598559196
226,1.910532284
546,1.885478045
610,2.069705589
804,1.897280969
1195,1.745064955
1237,1.571488216
1474,1.857487943
1495,1.374567701
1543,2.014685735
1618,2.549277788
1898,1.039762506
326,1.253760295
17,1.320714911
41,2.242275294
128,2.088255111
327,2.464767116
371,1.180444561
461,2.307134751
634,1.893254866
1240,1.76775955
1334,1.923204994
1736,1.641514782
1799,1.635946926
2115,1.628111509
100,1.957644027
289,1.874630519
424,2.140720171
801,2.850703894
854,2.339858719
1052,0.652236313
1422,2.316074385
1502,1.213384357
2019,2.105481824
484,1.446989406
639,1.743401426
707,1.908891417
1377,1.424245487
1410,1.191616449
1689,2.56930177
659,1.016443404
1687,3.509145343
1805,0.520877138
68,1.817059188
473,1.719238313
1118,1.588625265
1130,1.60434221
1142,1.738400788
1261,2.539182209
1725,1.881638259
1893,2.248550892
1895,2.441900056
1988,1.591628302
2085,1.85240384
109,2.386555126
710,2.116007785
878,2.430487871
982,2.52361093
1149,2.093962103
1211,1.994500015
1719,3.978597397
1835,1.132868418
680,1.04079657
1017,1.79918346
1144,1.19448822
1740,1.901701708
37,2.317870099
823,3.017304262
2008,2.563504911
1511,1.449042613
1856,2.447636635
687,1.890891647
794,-0.707998216
913,2.808926936
927,0.329799615
1841,1.57919913
1850,2.045323929
1909,2.265590805
1935,2.056127383
1986,2.497014023
2079,2.20343974
2137,2.331436109
324,1.769864531
499,1.721126572
633,1.904814122
1460,1.693959676
1932,1.420982666
492,3.505246648
922,0.717783329
1787,3.970540868
47,2.011326097
411,1.72247637
828,1.93422586
1296,1.443214526
1347,1.817483631
1576,1.864234479
1650,2.466061924
1786,2.934854557
1945,3.055580948
2136,1.862645203
398,2.125107717
596,2.410221526
668,1.703104559
1300,0.850851738
1447,1.536720377
1458,1.873927544
1752,2.182972523
1757,2.638615831
1778,2.155079438
1853,2.798510378
2144,0.69657153
209,1.583898704
1098,2.199274735
1581,1.094992366
1646,2.370282666
2165,2.117557465
1290,0.658841761
1770,0.487928385
1808,0.285064272
579,1.868820056
891,2.153727562
1549,1.808545185
2124,2.615686072
2151,2.716556988
258,2.208053662
488,2.882465411
725,1.710502773
879,0.385094691
1046,3.166972671
1194,2.74068031
1380,2.111997249
1415,1.974525511
103,2.46779521
399,2.183551466
539,1.546386718
1108,2.070212329
224,0.177357012
749,1.879186309
987,3.780852508
1086,-0.054148184
423,1.47758217
1214,3.061746404
1341,1.756193048
1724,1.211804078
1931,2.160605294
695,1.347475477
1077,3.605532585
1574,1.612825977
1592,1.131003775
1727,1.072456155
169,1.0500515
392,2.331914382
476,1.718696088
663,1.888822265
767,2.379275799
1547,1.872309918
1816,2.371236985
2155,2.295863058
80,2.836342772
690,2.599992296
1,1.669830722
375,1.399024801
803,2.507182096
2143,2.379744164
2163,2.258513824
121,1.720262292
176,2.172628012
304,1.717683658
390,2.683459789
1302,0.763512145
1316,1.502906392
1726,1.996811853
1914,2.481849518
310,2.495941828
1966,1.524818121
2157,1.959172253
38,1.239154744
215,2.492250652
724,2.890737061
777,3.525116604
1082,-0.642215857
1265,2.206160192
235,1.862812711
237,1.651242379
559,2.318606318
713,2.494257919
1186,2.268839841
1539,1.000350676
1800,1.493895936
2064,2.030781985
107,2.044845085
335,1.527495825
557,2.796886917
1091,2.221544356
1243,1.757836707
1694,1.283861752
1953,2.3969538
1984,0.589865805
795,1.381753061
1054,2.898589478
1167,1.68344476
1181,2.763579332
1185,1.854285555
1351,1.92608453
1514,1.461165018
1611,1.771722675
175,2.303771398
179,2.383830268
284,2.325516089
673,1.5122842
704,2.025459363
1020,3.356787139
1150,2.298642194
1848,2.655087268
165,1.683908743
363,1.793039281
495,2.006459139
723,1.665102998
947,1.30735539
949,1.708074615
1299,2.14813932
1450,2.749486435
1567,1.506332266
1722,2.336831532
616,2.462278443
1656,1.77409288
201,2.153752016
357,2.401904047
1560,1.962324079
1613,1.890382245
1819,2.770826166
66,2.389340409
1051,2.070188134
1370,1.736189686
1937,2.289960081
729,1.916732099
1499,1.617482256
1785,0.689665546
1148,2.792653116
1303,1.496095285
1675,2.577412024
1784,2.830248598
2016,2.880503958
2142,2.621991011
149,1.890783099
797,3.118600069
882,1.643983884
1075,0.459091489
1314,2.147667886
2148,2.154881848
408,1.719466968
966,2.895175575
1251,2.372657732
1809,1.800539257
1885,2.741133563
2123,1.949011924
1905,2.554759984
481,2.207445425
1151,1.90934943
1348,0.140799815
1525,2.572071891
1660,1.748900241
191,2.345598104
323,2.859633867
647,2.960645313
1015,1.552916572
1878,1.872341278
85,2.234900395
153,2.376903639
278,1.64928593
665,2.272945284
759,1.79273096
1537,2.073367579
125,3.008486406
147,1.844104278
501,1.460215059
1473,2.338189682
1637,2.037119494
1880,3.00130529
253,3.045924255
262,3.108481379
291,2.480093088
364,1.690729858
636,2.110136069
727,2.351722191
1085,3.197156955
1530,0.239214257
139,2.418467439
275,1.636457492
1284,2.127297779
1349,2.40412684
1678,2.928265818
12,2.732955648
1072,1.554529696
1440,1.869454634
1644,2.15373122
1795,1.92209371
1870,2.591896301
2046,2.434243114
338,1.266948067
954,3.2783425
1384,1.723843786
1506,2.280778425
1711,1.701759423
396,2.023117324
470,2.014316437
681,2.886192148
918,2.44833446
1869,2.487984488
2035,2.387191062
213,2.076808377
294,2.502859102
420,1.910439762
841,1.874101479
1217,2.471288024
1219,2.11339348
1849,3.627601834
512,1.660627392
1807,2.101750623
2099,3.133877652
164,2.975481178
468,2.515723235
1946,2.69765967
733,0.047171243
747,4.530626647
691,3.06143729
529,2.076751958
818,0.272412834
1920,3.538942587
1942,3.006718866
1382,2.049070791
1387,1.964486246
1395,2.696036404
1985,2.879219995
1124,2.822031148
1423,2.568999037
1582,2.11921571
174,1.77743786
450,1.87064374
981,1.336484431
994,0.839836266
1704,2.042767103
1843,2.519847568
1948,2.697115561
2103,2.127319074
778,1.791685191
1430,2.52921585
953,3.576850392
1910,1.261974977
1110,3.306651207
1982,2.990029543
34,2.059230771
172,2.179383019
300,1.841354406
762,3.02867357
929,2.438939362
69,3.57177927
626,2.741304897
368,2.031776106
475,1.881170496
1899,0.493892128
1179,2.056316227
1804,3.311121547
2166,2.899315315
261,3.751409911
1248,2.439578223
1693,2.052897181
410,2.568802351
1557,2.28799042
1631,2.119524172
16,2.692589399
1039,2.229704579
1157,2.845753437
1252,2.388050995
1812,2.940125133
252,1.014570065
1792,2.256900332
1864,1.896998376
508,2.705368399
1615,3.869067847
36,2.451967287
178,1.926804273
1272,1.770887397
1593,1.644549461
1614,1.595461727
2049,3.323453434
644,1.14790708
1298,2.34912852
537,3.657208895
1569,2.599443396
1695,2.403560065
1714,2.87934151
851,3.001333961
1375,2.103930173
67,2.420626948
161,1.923065856
563,1.408800076
1218,2.778985531
2093,3.632042331
321,2.364651385
677,2.565265548
880,2.905174432
132,2.433515783
1769,2.773673279
1947,3.00470443
332,2.658787386
820,2.56436922
888,1.207283969
35,2.166265206
232,3.250977391
432,1.816896645
699,2.485604952
1578,3.443366685
1741,2.285951756
548,2.056259755
856,2.757966446
1163,3.250141722
1282,2.767664899
1294,3.120857196
1479,3.090241395
1713,3.876168503
1829,2.417238671
1868,2.815168934
2133,2.834268897
480,2.571291984
607,3.077386464
1028,2.756172932
1928,2.974832727
354,2.587548495
620,3.399927274
114,2.350027269
1116,2.791182003
1643,2.72957588
2117,2.543968206
106,1.581457713
892,3.409095937
1888,2.923315353
2072,3.199694033
418,2.799720609
556,3.315839136
437,2.476238366
1092,2.756876652
218,1.077128728
1280,2.698365474
824,2.553708838
986,3.216863187
297,2.911145949
595,2.226498306
1510,2.914083266
1892,2.583302618
863,1.422314964
1944,0.013292293
528,3.429415938
696,2.303812521
1449,2.852748076
2025,3.249706718
1896,2.780116159
2024,3.475961075
1912,3.559998786
543,2.398728197
1852,2.800369248
137,3.179989115
976,0.53554359
309,2.87542417
1283,3.364125542
1653,3.188213254
1730,2.014133055
1842,3.846020979
1526,3.232148527
1922,4.704134726
1958,2.216551638
138,1.717418747
182,2.536165522
1287,2.897538877
2041,2.238006712
2111,2.315541529
730,2.543756659
1183,2.525560203
1317,2.940985407
1393,3.420199631
1509,3.550677138
1648,2.701492243
1823,3.677138354
2105,2.425298947
588,0.109293357
2044,5.110861792
2118,2.567670611
1114,3.066479629
1790,2.58981215
1337,2.714934433
1658,2.984585406
1781,3.841702471
379,2.766561742
1321,3.540455268
2036,3.560143027
296,2.194551872
328,3.140781585
1152,2.566380037
1846,3.972852009
1117,4.055279158
22,3.878944746
1244,2.891808741
1535,1.708577703
334,2.144343112
1411,2.281816385
1371,3.104713967
2020,3.695014112
242,2.15202113
1607,3.450379852
1007,4.251164204
1177,4.240257308
1832,2.625652004
1128,4.146774036
493,3.699589785
459,3.214946562
1827,3.5361581
1830,2.910894218
1773,2.884691056
135,2.988526296
1308,2.917089844
831,3.686280744
1025,2.528916562
1682,4.462384958
1416,3.574768358
2018,0.995749054
1603,2.754584618
274,1.840840868
1917,2.818515471
1027,1.329222195
1817,3.377496618
826,3.08136574
1814,3.486247971
912,4.406027216
558,4.85380674
1103,4.269994169
1315,2.461241113
1558,3.501760633
186,3.54750118
542,2.783669479
1113,3.680685975
1791,4.198370705
113,3.8627904
163,5.036717425
1602,4.042842172
2,3.630619499
319,4.407176625
1862,3.692806587
746,3.710078262
1897,2.942633908
1580,3.130588476
591,3.541134245
2013,2.706033098
1906,3.317446607
1374,3.024693001
1431,2.831096577
1262,2.701498685
1115,3.546097998
31,5.171197253
1318,3.423658683
2032,1.2269587
1084,2.286595038
605,2.95008595
1392,2.913470311
70,3.037555954
1199,3.488299068
1271,-0.293364475
645,1.566772827
871,0.974311391
115,3.650809918
2121,4.440267408
170,3.54360548
1761,4.216115842
59,4.067350262
948,2.148589321
99,3.981538997
641,4.949833118
1429,4.288600432
1074,3.539800863
506,4.228152604
2113,2.533797931
2141,5.172754359
2153,4.149425275
1126,4.160514487
1683,4.773958461
551,0.638521427
1789,1.425273217
2162,5.631912127
426,4.475426308
1139,2.110798778
592,4.665022504
653,4.485875814
812,1.63277368
2129,5.441209072
852,5.112166068
914,4.744630933
1452,4.858044625
2050,1.435418534
1518,4.860161553
1591,4.477682811
608,4.654579361
2091,4.531859843
1723,4.569705623
1824,4.288430943
566,2.970096167
1594,3.836024164
1744,4.215072092
603,3.083653432
162,5.160711793
462,4.168993419
438,3.364016455
1369,1.839880684
1412,3.649990826
1323,4.127894653
1583,4.684795239
624,5.273788617
444,4.376830671
957,4.771260091
988,1.246699902
167,4.211496551
330,4.183197801
979,4.8510441
952,7.109240834
1048,3.52139451
773,3.916675713
76,4.979309789
522,3.684021953
1886,4.55833811
884,3.671307622
1561,2.969906944
1463,0.773678291
239,4.321755467
1049,1.40044108
1503,4.401076167
1182,5.53343831
1956,5.184544544
1680,5.378712518
1174,5.050619172
271,4.221175951
1969,5.707234514
251,6.096802389
1838,4.763450348
1364,1.493780704
1383,5.299925174
791,2.412718894
1627,5.209062202
1731,5.013429897
1833,5.852497143
199,5.266376729
266,4.870743804
535,4.410023537
2167,5.40971004
1712,5.396323859
1223,6.066294227
1459,4.674977331
2152,5.540122747
343,4.395280949
270,5.697855614
1748,6.29703165
1401,5.213671183
1400,5.185240379
10,5.175471398
1780,6.205449825
18,7.438933472
1120,5.733809403
926,5.535068335
1250,5.51401833
1481,4.944110407
1706,4.835772921
315,5.2870271
325,6.83097429
562,4.792353151
1230,5.865616519
1253,5.394963989
50,2.2572129
1651,5.686897283
1831,5.649810438
984,7.043576502
821,5.95869643
436,5.037206839
1468,5.051383746
1386,5.230090065
1493,4.894950086
869,5.150899193
1623,7.10769582
1696,4.271028012
1057,6.250095125
612,5.833523985
39,5.254929569
105,5.997149233
1433,6.069464244
2174,8.299532145
1632,5.261666513
1210,7.288131193
1759,6.44557561
1475,6.111025758
763,6.793395733
301,6.444833732
1340,5.994953206
1679,5.689203765
257,6.35739205
1350,6.249329261
1357,5.296671964
614,7.241501076
694,6.428342665
1913,2.77545863
516,6.553542017
1649,7.637036372
1701,7.700964689
1709,6.797608868
1288,7.438461737
1839,7.355996567
123,9.082864442
1505,5.441097508
1883,7.39712793
1359,5.904198899
693,6.851193916
1793,6.17986462
87,9.10714199
980,8.387376716
619,7.417652248
1239,6.497683504
1556,6.146217194
1477,7.353924128
789,8.296049677
1760,6.061114461
1319,9.065993028
1403,7.869850267
478,8.28872593
1926,7.824792104
721,8.956746046
955,7.664134255
1963,8.451534723
855,9.255661355
1119,8.378252337
1911,9.952968036
755,11.07584317
483,9.775085852
1751,11.77819943
1329,8.524320275
1743,8.608767939
2063,9.044320831
1844,8.24218719
1409,7.987878701
1109,9.93170678
1645,8.429744056
1147,9.740538941
2159,8.66556243
792,8.765959299
1950,10.78298728
1047,11.35556835
1705,8.328286251
585,9.53236985
1193,8.94573073
1270,10.12626851
1281,9.081709729
814,10.8131889
1670,9.279138991
1081,11.82435992
1213,9.868024145
2116,9.725821892
8,12.43462477
965,12.1228836
1685,10.82349122
193,10.92171566
1385,9.416486784
1164,12.3246303
2120,11.5122856
1241,10.57845938
1584,11.48168525
1354,10.00659831
1596,9.922260937
1642,12.94476469
1606,11.05776138
1951,13.51783885
1855,11.45208686
1828,8.845922461
1417,10.82182634
1184,12.45734701
391,17.21342929
1563,13.55975163
1788,15.22874966
1881,15.89614774
1343,14.06647399
350,0
